{
  "project_info": {
    "project_number": "592178698988",
    "project_id": "message-3b386"
  },
  "client": [
    {
      "client_info": {
        "mobilesdk_app_id": "1:592178698988:android:1ca569739915b80a",
        "android_client_info": {
          "package_name": "com.example.hp.message"
        }
      },
      "oauth_client": [
        {
          "client_id": "592178698988-frk30n22jmtvuqn9h5d00eauk9siacdk.apps.googleusercontent.com",
          "client_type": 1,
          "android_info": {
            "package_name": "com.example.hp.message",
            "certificate_hash": "8030aa92337f4188ca2500a233e844adb092fa50"
          }
        },
        {
          "client_id": "592178698988-tfbflmcemhp4g2cs5gsrj88ssbgc46s3.apps.googleusercontent.com",
          "client_type": 3
        }
      ],
      "api_key": [
        {
          "current_key": "AIzaSyB6osGUe0qNfVdTQLczVsYqiYltIrftHS8"
        }
      ],
      "services": {
        "analytics_service": {
          "status": 1
        },
        "appinvite_service": {
          "status": 1,
          "other_platform_oauth_client": []
        },
        "ads_service": {
          "status": 1
        }
      }
    }
  ],
  "configuration_version": "1"
}